title,location,founder,description,linkedin,website
Nano Technologies,Vietnam,Dzung Dang,Payroll app to pay workers daily for retailers & manufacturers in SEA,https://www.linkedin.com/in/%F0%9F%94%AD-dzung-dang-1565425/,http://www.vuiapp.vn
Meru.com,"Mexico City, Mexico",Virgile Fiszman,The one-stop-shop for Asian Wholesale in Latin America.,https://www.linkedin.com/in/virgile-fiszman-213ab39a/,https://meru.com
eqtble,New York,Gabe Horwitz,"Next-gen HR analytics platform, turning employee data into insights",https://www.linkedin.com/in/gabrielmhorwitz/,https://eqtble.com/
Blotout,"Fremont, CA",Matthew Boulos,Unified source of truth for customer data in your infra,https://www.linkedin.com/in/matthewboulos,https://blotout.io
Kanda,"Birmingham, United Kingdom",Phil Daneshyar,Affirm for general contractors,https://www.linkedin.com/in/phildaneshyar/,https://www.getkanda.com/
NextPay,"Makati, Philippines",Don Pansacola,The digital bank for small businesses in the Philippines.,https://www.linkedin.com/in/donpansacola/,https://nextpay.world
TimeTackle,"San Jose, CA",Syam Anupom,Analyze calendar data to align team's time to company priorities,https://www.linkedin.com/in/anupom/,https://www.timetackle.com/
MagicBell,"Barcelona, Spain",Hana Mohan,The notification inbox for web/mobile applications.,https://www.linkedin.com/in/unamashana/,https://magicbell.com
Terra,"London, United Kingdom",Kyriakos Eleftheriou,"Plaid for health, fitness and wellness",https://www.linkedin.com/in/kyriakos-eleftheriou/,http://tryterra.co
SwiftSku,"Birmingham, AL",Daniel Mazur,Management and analytics software for convenience stores,https://www.linkedin.com/in/danielmazur1,https://swiftsku.com
Arpio,"Durham, NC",Doug Neumann,Recover from any outage in 10 minutes or less.,https://www.linkedin.com/in/dougneumann/,https://arpio.io
Authologic,"Warsaw, Poland",Krzysztof Klimczak,Stripe for online identity verification,https://www.linkedin.com/in/krzysztofklimczak/,https://authologic.com
Waydev,San Francisco,Valentin Buzea,The software development analytics platform for engineering leaders,https://www.linkedin.com/in/valentinbuzea/,https://waydev.co
ContentFly,"Toronto, Canada",Vasil Damyanov,On demand content for companies through AI + humans-in-the-loop,https://www.linkedin.com/in/vasil-damyanov-50a88871/,http://contentfly.com
BOITAS.COM,"Monterrey, Mexico",Marcelo Galvan,Group-buying Marketplace for SMBs in Latin America,https://www.linkedin.com/in/marcelo-galv%C3%A1n-de-la-garza-aa323017/,http://www.boitas.com
Runops,"S√£o Paulo, Brazil",Andrios Robert,Code review for DevOps tasks,https://www.linkedin.com/in/andrios/,https://runops.io
Routine,"Paris, France",Julien Quintard,"Tasks, notes and calendar in one blazingly fast productivity app",https://www.linkedin.com/in/julienquintard/,http://routine.co
Djamo,"Abidjan, C√¥te D'Ivoire",Regis Bamba,Challenger Bank for consumers in French speaking Africa.,https://www.linkedin.com/in/regisbamba,https://www.djamo.ci/
HUBUC,"Barcelona, Spain",Ignacio Javierre,The next generation of Banking-as-a-service platform,https://www.linkedin.com/in/ignaciojavierre/,https://www.hubuc.com/
Wasp,"Zagreb, Croatia",Martin Sosic,Configuration language for building enterprise web apps 10x faster,https://www.linkedin.com/in/martinsosic,https://wasp-lang.dev/
Vendease,"Lagos, Nigeria",Gatumi Aliyu,Where restaurants in Africa buy food supplies,https://www.linkedin.com/in/gatumialiyu/,https://vendease.com/
Jiga,"Tel Aviv-Yafo, Israel",Assaf Geuz,Jiga makes it easy for companies to outsource manufacturing of parts,https://www.linkedin.com/in/assaf-geuz-jiga/,https://www.jiga3d.com
Cheqout,San Francisco,Tom Sharon,Mobile ordering & payments for Brick & Mortars,https://www.linkedin.com/in/tomsharon93/,https://cheqout.com
Broad,"London, United Kingdom",Juliano Alves,The European neobank for Brazilians to spend money overseas,https://www.linkedin.com/in/julianopalves/,http://www.broad.app
Estoca,"S√£o Paulo, Brazil",Caio Almeida,Logistics Operating System for E-commerces in Latam,https://www.linkedin.com/in/caioborgesalmeida/,https://www.estoca.com.br/en
Navattic,San Francisco,Randy Frank,Shareable product demos,https://www.linkedin.com/in/randolph-frank/,https://www.navattic.com/
Neuro,"Bath, United Kingdom",Paul Hetherington,Serverless compute for Machine Learning,https://www.linkedin.com/in/paul-hetherington/,https://getneuro.ai
Friz,Singapore,Ash Rhazaly,Neobank for freelancers in Asia,https://www.linkedin.com/in/ash-rhazaly-402533209/,https://www.usefriz.com
NowPay,"Cairo, Egypt",Mostafa Ashour,Employer backed payroll advances for employees in Egypt,http://www.linkedin.com/in/mostafaashour,https://www.nowpay.com
Dayra,"Cairo, Egypt",Omar Ekram,Data-driven embedded Financial Services for Gig Workers,https://www.linkedin.com/in/omar-ekram-56088128/,https://Dayra.co
Jetdocs,"Toronto, Canada",Andrew Dolinski,Jetdocs is Zendesk for internal requests.,https://www.linkedin.com/in/dolinskiandrew/,https://jetdocs.io
Gigs,"Berlin, Germany",Dennis Bauer,Stripe for SIM cards. Phone & data plans through an API globally.,https://www.linkedin.com/in/dennisjbauer/,https://gigs.tel
Uiflow,San Francisco,Sol Eun,No-code platform for enterprise software companies,https://www.linkedin.com/in/soleun/,https://www.uiflow.com
Spline,"Reston, VA",Alejandro Leon,"A 3d design tool for the web, without coding.",https://www.linkedin.com/in/alelepd/,http://spline.design/
Treinta,"Bogota, Colombia",Lluis Canadell,Digital ledger App for Latam microbusinesses,https://www.linkedin.com/in/lluiscanadell/,https://www.treinta.co
Svix,San Francisco,Tom Hacohen,Webhooks as a service,https://uk.linkedin.com/in/tomhacohen/,https://www.svix.com
Galaxy,San Francisco,Adam Barr-Neuwirth,Instant payouts for SMEs,https://www.linkedin.com/in/adambarrneuwirth/,https://galaxyfinance.com
Moonshot Brands,"Oakland, CA",Allan (Amnon) Fisch,Buy and grow profitable e-commerce companies selling on Amazon and DTC,https://www.linkedin.com/in/allanfisch/,http://moonshotbrands.com
HiGeorge,"Los Angeles, CA",Anuj Saigal,"No-code, ready-to-use data visualizations for media companies ",https://www.linkedin.com/in/anujsaigal/,https://hi-george.com
FlutterFlow,Mountain View,Abel Mengistu,Webflow for Mobile,https://www.linkedin.com/in/asmengistu/,https://flutterflow.io
AgendaPro,"Santiago, Chile",Julio Guzman,Shopify for Beauty and Wellness businesses in Latam,https://www.linkedin.com/in/julioagg/,https://www.agendapro.com
Kitemaker,"Oslo, Norway",Sigurd Seteklev,A faster and more collaborative alternative to Jira for remote teams,https://www.linkedin.com/in/sigurd-seteklev/,https://www.kitemaker.co
Infracost,"Edinburgh, United Kingdom",Ali Khajeh-Hosseini,Infracost shows engineering teams how code changes affect cloud bills,https://www.linkedin.com/in/alikhajeh1/,https://infracost.io
Pagaloop,"Mexico City, Mexico",Gerardo Briones,Finance SMBs‚Äô working capital needs with personal credit cards.,https://www.linkedin.com/in/gerardo-briones-58000813/,https://www.pagaloop.com
Sturdy,"Stockholm, Sweden",Kiril Videlov,We are replacing Git with real-time code collaboration in the cloud,https://www.linkedin.com/in/kirilv/,https://getsturdy.com
Ziina,"Dubai, United Arab Emirates",Faisal Toukan,A digital wallet for the Middle East & North Africa,https://www.linkedin.com/in/faisal-toukan-64865064/,https://www.ziina.com
Vue Storefront,"Warsaw, Poland",Patrick Friday,Bodiless Frontend Platform for eCommerce,https://www.linkedin.com/in/fridaypwa/,https://www.vuestorefront.io/
Lunatic,"Vienna, Austria",Hrvoje Bandov,Operating System for server-side apps,https://hr.linkedin.com/in/hrvoje-bandov-2b699773,https://lunatic.solutions/
Mono,"Lagos, Nigeria",Abdulhamid Hassan,"Plaid for Africa, but better. ",https://www.linkedin.com/in/ijbkid/,https://mono.co
Athens Research,San Francisco,Jeff Tang,Open-Source Roam Research,https://www.linkedin.com/in/tangjeff0/,https://github.com/athensresearch/athens/
Z1,"S√£o Paulo, Brazil",Thiago Achatz,Digital bank for teenagers in LatAm connected to prepaid card ,https://www.linkedin.com/in/thiago-waddington-achatz-3280a297/,https://z1.app/
Mendel,"Mexico City, Mexico",Alan Karpovsky,Workflows to empower employees to spend while finance stay in control,https://www.linkedin.com/in/alankarpovsky/,https://somosmendel.com
Preki,"Bogota, Colombia",Alex Hakim,B2B wholesale marketplace in LatAm,https://www.linkedin.com/in/alex-hakim-414192b3,http://www.preki.com
Ontop,"Bogota, Colombia",Jaime Abella,Multi-country payroll manager for LATAM,https://www.linkedin.com/in/jaime-abella/,https://ontop.ai/
Pyroscope,"Oakland, CA",Dmitry Filimonov,Open source continuous profiling software to debug performance issues,https://www.linkedin.com/in/dmitry-filimonov-82b26145/,https://pyroscope.io/
Compose.ai,San Francisco,Wilson Mitchell,Cut your writing time by 40% with AI-powered autocomplete,https://www.linkedin.com/in/wilsonmitchell,https://compose.ai
Fable,New York,Alex Chumbley,The command center for product teams,https://www.linkedin.com/in/alex-chumbley/,https://www.tryfable.com/
Mythia,San Francisco,Eric Lafleche,Reward Card for Gamers,https://www.linkedin.com/in/ericlafleche/,https://mythia.com
Seer,"Las Vegas, NV",Christina Czap,Sell beyond the store.,https://www.linkedin.com/in/christina-czap/,https://www.helloseer.com/
Aerotime,San Francisco,Piyush Narwani,Automatically group meetings together and find time for deep work,https://www.linkedin.com/in/piyushnarwani/,https://www.aerotime.ai/
ZOKO,"Bengaluru, India",Arjun Paul,Better Business on WhatsApp,https://www.linkedin.com/in/arjun-v-21939784/,https://www.zoko.io/
Corrily,,Abel Riboulot,Price Optimization for subscription and usage-based companies,https://www.linkedin.com/in/abel-riboulot-b92b8087/,http://www.corrily.com
Finantier,Singapore,Keng Low,Plaid for Southeast Asia,https://www.linkedin.com/in/keng/,https://finantier.co
Tint,San Francisco,Matheus Riolfi,Makes it easy for tech platforms to embed insurance into products,https://www.linkedin.com/in/mriolfi/,http://www.tint.ai
Milk Video,New York,Leonard Bogdonoff,Turn webinars into video highlights,https://www.linkedin.com/in/rememberlenny/,https://milkvideo.com
Clicoh,"C√≥rdoba, Argentina",Juan Martin Altamirano,Amazon level logistics for ecommerce companies in Latam,https://www.linkedin.com/in/juan-altamirano/,http://clicoh.com/
ProcessLabs,San Francisco,Pablo Ferrari,Measure and optimize ROI of engineering teams,https://www.linkedin.com/in/pablo-ferrari/,https://www.processlabs.ai
dyte,"Bengaluru, India",Palash Golecha,Video calling as a service,None,https://dyte.in
SoloSuit,"Provo, UT",Scott Erickson,SoloSuit helps people respond to debt collection lawsuits.,http://linkedin.com/in/theerickson,https://www.solosuit.com
TRACTIAN,"S√£o Paulo, Brazil",Gabriel Lameirinhas,"Shazam for maintenance teams, detect machine issues early on",https://www.linkedin.com/in/glameirinhas/,https://tractian.com
Dendron,"Seattle, WA",Kevin Lin,Notion for Developers,https://www.linkedin.com/in/kevinslin-thence,https://dendron.so
Resquared,"Cincinnati, OH",Griffin Morris,Marketing automation platform for selling to local businesses.,https://linkedin.com/in/jgriffinmorris,http://re2.ai
QuikNode,"Miami, FL",Auston Bunsen,Tools & infra to build and scale high-quality blockchain applications.,https://www.linkedin.com/in/austonbunsen,https://www.quicknode.com
Flextock,"Cairo, Egypt",Mohamed Mossaad,Tech-enabled fulfillment provider in the Middle East & Africa,https://www.linkedin.com/in/mohamed-mossaad-50903438/,http://www.flextock.com
SST,"Toronto, Canada",Jay V,The easiest way to use serverless,https://www.linkedin.com/in/jayair/,https://serverless-stack.com
LogisticsOS,"Pleasanton, CA",Tiangang Song,World's fastest and most optimal route optimization engine,http://linkedin.com/in/tgsong,https://logisticsos.com
LightTwist,"Boulder, CO",Vikas Reddy,A virtual video studio on the iPhone for creators and creatives,https://www.linkedin.com/in/vikasreddy/,https://lighttwist.io
Text Blaze,San Francisco,Dan Barak,Create dynamic text snippets and insert them anywhere on the web,https://www.linkedin.com/in/barakdan/,https://blaze.today
Sendbox,"Lagos, Nigeria",Olusegun Afolahan,Fulfillment by Amazon for African merchants,https://ng.linkedin.com/in/segunafolahan,https://sendbox.co
Zapt,"S√£o Paulo, Brazil",Gui Alvarenga,Pinduoduo for Brazil,https://www.linkedin.com/in/guilherme-bastos-alvarenga-2296413/,https://www.zapt.com.br
Datrics,San Francisco,Kirill Kirykov,No-code analytics and machine learning tool,https://www.linkedin.com/in/kirill-kirikov-96507425/,https://datrics.ai
Great Question,"Oakland, CA",Ned Dwyer,User research on autopilot. ,https://www.linkedin.com/in/neddwyer,https://greatquestion.co
Finary.eu,"Paris, France",Julien Blancher,The new wealth manager for Europe,https://www.linkedin.com/in/julienblancher/,https://finary.eu/en
BimaPe,"Mumbai, India",Rahul Mathur,One hub for your family's insurance,https://www.linkedin.com/in/rahul-jaideep-mathur/,https://bimape.com/
Greywing,Singapore,Nick Clarke,The Operating System for Maritime,https://www.linkedin.com/in/nick-j-clarke/,https://grey-wing.com/
R2 Capital,,Roger Larach,Stripe Capital for Latin America,https://www.linkedin.com/in/larachr,https://www.r2capital.co/
Purpose,San Francisco,Anna Matalon,Go-to-card for conscious consumers,https://www.linkedin.com/in/annamatalon/,https://trypurposecard.com/
Chatbiz,"Bandung, Indonesia",Terry Djony,Shopify for Indonesia using WhatsApp,https://www.linkedin.com/in/terry-djony-chatbiz-id/,https://chatbiz.id
BrioHR,"Kuala Lumpur, Malaysia",Benjamin Croc,All-in-one HR management platform for SMEs in Southeast Asia.,https://www.linkedin.com/in/benjamin-croc-93669426/,https://briohr.com/
Kredi,"Monterrey, Mexico",Javier Aldape,Rocket Mortgage for LatAm. ,https://www.linkedin.com/in/javier-aldape-359706110/,https://www.kredi.mx/
Mindee,"Paris, France",Mohamed Biaz,Developer API for document parsing,https://www.linkedin.com/in/mohamed-biaz-8268597a/,https://mindee.com
Udhaar App,"Karachi, Pakistan",Fahad Kamr,We're Khatabook / OkCredit for Pakistan,https://www.linkedin.com/in/fahadk/,https://udhaar.pk/
Kodo,"Mumbai, India",Deepti Sanghi,Corporate credit card for Indian startups & small businesses,https://www.linkedin.com/in/deeptisanghi/,https://www.kodo.in/
Fintoc,"Santiago, Chile",Crist√≥bal Griffero,Plaid for LATAM,https://www.linkedin.com/in/griffero/,https://fintoc.com
Superpowered,San Francisco,Jordan Dearsley,Join Zoom meetings in one click,http://linkedin.com/in/jordandearsley,http://superpowered.me
Alinea,New York,Nikhil  Agrawal,The Smart Next Gen Investing App üí´,https://www.linkedin.com/in/nikhilagrwal/,https://alinea-invest.com/
Lendflow,"Austin, TX",Jon Fry,Embedded lending infrastructure for software companies,https://www.linkedin.com/in/jonfrysales/,https://lendflow.io
Parsagon,San Francisco,Sandy Suh,Developer tool for web scraping,https://www.linkedin.com/in/alexander-suh-2ba05bb0,https://parsagon.io
Emerge,"Santa Monica, CA",Josh Cohenzadeh,Monitor and reduce app size,https://www.linkedin.com/in/josh-cohenzadeh-4ab75138/,https://www.emergetools.com/
Promoted.ai,San Francisco,Dan Hill,Discovery and Performance Ads for Marketplaces,https://www.linkedin.com/in/dan-hill-1a891820/,http://www.promoted.ai
FifthTry,"Bengaluru, India",Deepak Angrula,Continuous Documentation To End Documentation Rot,https://www.linkedin.com/in/deepakangrula/,https://www.FifthTry.com
June,San Francisco,Enzo Avigo,June is instant product analytics. ,https://www.linkedin.com/in/enzoa/,http://june.so
OctiFi,"Singapore, Singapore",Ed Chin,Buy Now Pay Later for Southeast Asia,https://www.linkedin.com/in/echin6/,https://www.octifi.com
Bimaplan,"Mumbai, India",Vikul Goyal,Affordable insurance for the next billion Indians,https://www.linkedin.com/in/vikulgoyal/,https://www.bimaplan.co
Bueno Finance,"Gurugram, India",Sandeep Arora,Building Chime for India,https://www.linkedin.com/in/sandeep-arora-065bb519/,https://buenofinance.in
Version Story,San Francisco,Jordan Bryan,Git for lawyers,https://www.linkedin.com/in/jordanpbryan/,https://versionstory.com/
Remix,Palo Alto,Simon Sturmer,Host and attend virtual events from your phone!,https://www.linkedin.com/in/sstur,https://remix.so
Cyble,"Atlanta, GA",Beenu Arora,Selling earliest-stage Cyber threat alerts  ,https://www.linkedin.com/in/beenu-arora-b5068412/,https://cyble.com/
Sivo,San Francisco,Dani Conejo Rico,Debt as a service for companies to lend money to their users at scale.,https://www.linkedin.com/in/danielaconejo,https://sivo.com
Prequel,New York,Charles Chretien,Fully managed modern data stack,https://www.linkedin.com/in/charles-chretien-94350146/,https://prequel.co
Finary,New York,Darian Bhathena,Discord for Investing. ,https://www.linkedin.com/in/darian-bhathena/,https://about.finary.io/
PingPong,"Orem, UT",Jeff Whitlock,Video messaging app for remote teams.,https://www.linkedin.com/in/jeff-whitlock,https://www.getpingpong.com/
Cord,"London, United Kingdom",Ulrik Stig Hansen,Automating training data creation for computer vision,https://www.linkedin.com/in/ulrik-stig-hansen-2658273b/,https://cord.tech/
Segments.ai,"Brussels, Belgium",Bert De Brabandere,Build better computer vision models by building better datasets,https://www.linkedin.com/in/bert-de-brabandere/,https://segments.ai
Tachyon,Mountain View,Abheek Basu,APIs making big data transfer a breeze,https://www.linkedin.com/in/abheek-basu-4a72a398/,https://www.trytachyon.com/
PingLend,,James Savoldelli,,https://www.linkedin.com/in/jamessavoldelli/,https://www.getpinglend.com/
Smartcuts,New York,Brian Noguchi,Chrome extension to turn clicks & keystrokes into no-code automations,https://linkedin.com/in/briannoguchi,https://trysmartcuts.com/
Instamenu,"Austin, TX",Nick Evans,A payment platform for the entire US $800B restaurant industry,https://www.linkedin.com/in/thenickevans/,https://instamenu.cc
Fountain9,"Mumbai, India",Niki Khokale,Helping food brands and retailers reduce food wastage,https://www.linkedin.com/in/niki-khokale/,https://www.fountain9.com
Brick,"Oakland, CA",Drew Barrett,The banking platform for homeowners to increase their home value. ,https://www.linkedin.com/in/jdrewbarrett/,https://brick.app
Clay,"Los Angeles, CA",Phillippe Siclait,Figma for 3D design,https://www.linkedin.com/in/phillippe-siclait/,https://clay3d.io
Krab,"Hyderabad, India",Yogesh Bathina,Instant loans for trucking companies in India,https://www.linkedin.com/in/yogesh-bathina-23460a111/,https://www.krab.in
Aspen Cloud,,Matthew Linkous,Use web apps without opening a browser,https://www.linkedin.com/in/matthewlinkous/,https://www.aspen.cloud
"Gerald Technologies, Inc",New York,Nikos Karamolegkos, Autopay household bills without fear of overdraft or late fees,https://www.linkedin.com/in/nikolaoskaramolegkos/,https://www.joingerald.com
Observa,,Robert Picard,Catch accidental database exposures before the bad guys,https://linkedin.com/in/robert-picard,https://www.observa.com
Debrief,San Francisco,Ned Rockson,Replace meetings with recorded videos.,https://www.linkedin.com/in/nedrocks,https://www.getdebrief.com
GroMo,"Gurugram, India",Ankit Khandelwal,App for independent agents to sell Insurance in India,https://www.linkedin.com/in/ankitkhandelwal1987/,https://www.gromo.in
Zerobroker,San Francisco,Georgy Melkonyan,Broker-free shipping platform for businesses.,https://www.linkedin.com/in/georgy-m-013668139/,https://zerobroker.com
SigNoz,"Bengaluru, India",Ankit Nayan,Open source alternative to DataDog ,https://www.linkedin.com/in/ankitnayan,https://signoz.io
Stacksi,"Reno, NV",Joseph Metzinger,Automated Answers to Security Questionnaires,https://www.linkedin.com/in/joseph-metzinger/,https://www.stacksi.com
Hapi,San Francisco,Billy Caballero,Stock trading app with zero commission and no minimums for Latam,https://www.linkedin.com/in/billycaballero/,https://imhapi.app/
Finley,San Francisco,Kevin Suh,Streamline your debt capital raise and management,https://www.linkedin.com/in/kevin-suh/,https://www.finleycms.com
SBX Robotics,"Toronto, Canada",Artem Avdacev,Synthetic data for robot vision.,https://www.linkedin.com/in/aavdacev/,https://www.sbxrobotics.com/
Taloflow,"Santa Monica, CA",Louis-Victor Jadavji,Find the best cloud and dev tools for your use case ,https://www.linkedin.com/in/ljadavji,https://www.taloflow.ai
Humaans,"London, United Kingdom",Giovanni Luperti,The fastest way to onboard and manage employees,https://www.linkedin.com/in/gluperti/,https://humaans.io
The Third Place,San Francisco,Vivien Sin,Subscriptions for neighborhood businesses ,https://www.linkedin.com/in/viviensin/,https://www.thethirdplace.is/
Runway,New York,Matt Varghese,Easier and more reliable mobile app releases for teams.,https://www.linkedin.com/in/mattvarghese/,https://runway.team
Atrato,"Guadalajara, Mexico",Juan Casian,Affirm for LATAM,https://www.linkedin.com/in/juancasian/,https://www.atratopago.com
Gonddo,"S√£o Paulo, Brazil",Guilherme Cruz,Wholesale marketplace for independent retailers buy & manage inventory,https://www.linkedin.com/in/cruzguilherme,https://gonddo.com.br/
Webiny,"London, United Kingdom",Sven Al Hamad,Open-source framework for building serverless applications,https://www.linkedin.com/in/svenalhamad/,https://www.webiny.com
Brevy,"Houston, TX",Mohamed Abedelmalik,Enable anyone to report issues and feedback directly ON your website,https://www.linkedin.com/in/abedelmalik/,https://brevy.com/
CapWay,"Atlanta, GA",Sheena Allen,Inclusive financial technology service provider.,http://www.LinkedIn.com/in/SheenaAllen,http://www.CapWay.co
Heron Data,"London, United Kingdom",Johannes Jaeckle,We categorise and label bank transaction data,https://www.linkedin.com/in/johannes-jaeckle-614b567b/,http://www.herondata.io
Fieldguide,San Francisco,Jin Chang,Modern software that transforms the way accounting firms work.,https://www.linkedin.com/in/jinwchang/,http://fieldguide.io
Finch,San Francisco,Jeremy Zhang,Finch is the universal API for payroll and HR,https://www.linkedin.com/in/jeremyziyuzhang/,https://tryfinch.com
Parade,"Jackson, WY",David Klein,"Create a brand identity in minutes, use it everywhere.",https://www.linkedin.com/in/dbklein/,https://www.getparade.com
Parrot Software ü¶ú,"Monterrey, Mexico",Roberto Cebrian,The operating system for restaurants in LatAm.,https://www.linkedin.com/in/robertocebrian/,https://parrotsoftware.io/
Clover,NY,Adam Christ,"The all-in-one notebook for creatives to brainstorm, write, and plan‚Ä¶",https://www.linkedin.com/in/adamchrist/,https://cloverapp.co
Reflect,"Villanova, PA",Todd McNeal,No-code test automation for web apps,https://www.linkedin.com/in/toddmcneal/,https://reflect.run
Once,"Paris, France",Arthur Bonnecarrere,Mobile optimized storefronts for Shopify,https://www.linkedin.com/in/arthur-bonnecarrere-7036b314/,https://once.app
Mozart Data,San Francisco,Peter Fishman,The easiest way to set up a modern data stack,https://www.linkedin.com/in/petefishman,http://www.mozartdata.com
Nestybox,"San Jose, CA",Rodny Molina,Enables Linux containers to act as super fast & efficient VMs,https://www.linkedin.com/in/rodnymolina,https://www.nestybox.com
Glimpse,New York,Kushal Negi,A platform for online brands to easily launch distributed showrooms. ,https://www.linkedin.com/in/kushal-negi/,https://tryglimpse.com/
Here,New York,Jesse Boyes,"Personal, Shareable, Flexible Video Rooms",https://www.linkedin.com/in/jesseboyes/,https://here.fm
Lendtable,San Francisco,Sheridan Clayborne,We give employees wealth-building loans for their 401k match and ESPP,https://www.linkedin.com/in/sheridan-clayborne-77723a119/,http://lendtable.com
Afriex,San Francisco,Tope Alabi,Stablecoin remittances,https://www.linkedin.com/in/topealabi,https://www.afriexapp.com
Backlot,"Los Angeles, CA",Daniel Citron,The collaborative design tool for the film and video ad industry.‚Ä¶,https://www.linkedin.com/in/dacitron/,https://www.backlot.studio
Spenmo,Singapore,Mohandass Kalaichelvan,Bill.com for SMBs in SE Asia,https://www.linkedin.com/in/mohandasskalaichelvan/,https://spenmo.com/
SafeBase,San Francisco,Adar Arnon,Interactive status page to streamline 3rd party security assessments,https://www.linkedin.com/in/adarnon/,https://www.safebase.io
Letter,"San Diego, CA",Matt DeLoach,Beautifully designed banking for high net-worth individuals.,https://www.linkedin.com/in/matthewdeloach/,https://letter.co
Supabase,Singapore,Paul Copplestone,The open source Firebase alternative.,https://www.linkedin.com/in/paulcopplestone/,https://supabase.io
Bundle,"Seattle, WA",Emily Yuhas,Dollar Shave Club as a platform. ,https://www.linkedin.com/in/emily-yuhas/,http://www.bundlepayments.com
Akiflow,"Padua, Italy",Sebastiano Favaro,Akiflow is a Productivity Assistant for Business Apps. ,https://www.linkedin.com/in/sebastianofavaro/,https://akiflow.com
Dataland,New York,Arthur Wu,Command your entire business from one app,https://www.linkedin.com/in/arthurwu1/,http://dataland.webflow.io
Papercups,San Francisco,Kam Leung,Open Core Intercom Alternative,https://www.linkedin.com/in/leungkam/,https://papercups.io
Skio,San Francisco,Kennan Davison,Subscriptions for Shopify,https://linkedin.com/in/kennandavison,https://skio.com
TyltGO,"Kitchener, Canada",Aaron Paul,TyltGO powers retailers with same-day delivery.,https://www.linkedin.com/in/a29paul/,https://www.tyltgo.com/
Tella,"Amsterdam, Netherlands",Grant Shaddick,Video recording for work,https://www.linkedin.com/in/shaddickgrant/,https://tella.tv/
Memo,"Exeter, United Kingdom",Peter Saxton,Memo is modern communication that helps you get your focus back,https://www.linkedin.com/in/peter-saxton-43893145/,https://sendmemo.app
Mozper,"Mexico City, Mexico",Yael Israeli,A debit card and app designed for kids and parents in Latin America,https://www.linkedin.com/in/yaelisraeli1/,https://www.mozper.com/
Memberstack,"Williamsburg, VA",Duncan Hamra,Add user accounts and payments to any website with one line of code,https://www.linkedin.com/in/duncanhamra,https://www.memberstack.com
Aquarium Learning,San Francisco,Peter Gao,We help ML teams improve their models by improving their datasets,https://www.linkedin.com/in/pgaooo/,https://www.aquariumlearning.com/
Notabene,New York,Pelle Braendgaard,Software to manage risk  in crypto transactions,https://www.linkedin.com/in/pelleb/,https://notabene.id
Decentro,"Bengaluru, India",Rohit Taneja,API platform for banking integrations (Plaid for India and APAC),https://www.linkedin.com/in/rohit-taneja-69b30b13/,https://decentro.tech
Bikayi,"Hyderabad, India",Sonakshi Nathani,Shopify for India,https://www.linkedin.com/in/sonakshi-nathani-473abb41/,https://bikayi.com
Tydo,"Los Angeles, CA",Manav Kohli,Performance analytics for today's DTC brands,https://www.linkedin.com/in/manavkohli/,https://www.tydo.com
In Stock,"Santa Cruz, CA",Ian McHenry,"Find any product, in stock nearby",https://www.linkedin.com/in/ianmchenry,https://instock.org
WareIQ,"Bengaluru, India",Aayush Mattoo,Amazon-like next day delivery for eCommerce companies in India,https://www.linkedin.com/in/aayushmattoo/,https://www.wareiq.com/
Clew,"Toronto, Canada",Udara Jayawardena,Unified file system for the cloud. ,https://lk.linkedin.com/in/udarajay,https://clew.ai/
Balance,San Francisco,Bar Geron,The first B2B Checkout Platform,https://www.linkedin.com/in/bar-geron-76b87270,https://www.getbalance.com
Batch,"Portland, OR",Daniel Selans,Observability and replays for messaging systems,None,https://batch.sh
Justo,"Providencia, Chile",Nicol√°s L√≥pez Jullian,Helps restaurants take online orders directly from customers,https://www.linkedin.com/in/nicolaslopezj/,https://www.getjusto.com
Hellometer,"Los Angeles, CA",Alexander Popper,Making fast food faster,https://www.linkedin.com/in/alexanderpopper/,https://hellometer.io/
Stacker,"London, United Kingdom",Sam Davyson,Turns spreadsheets into internal apps and customer portals,https://www.linkedin.com/in/davyson/,https://stackerhq.com
KeyDB,"Toronto, Canada",John Sully,The only database you'll ever need,https://www.linkedin.com/in/jdsully/,https://keydb.dev
Yotta,New York,Ben Doyle,Save money and win prizes up to $10m through weekly number draws.,https://linkedin.com/in/doyleb,https://www.withyotta.com
Mesh,"San Jose, CA",Gaurav Chaubey,Social network for remote companies to drive goals & feedback,https://www.linkedin.com/in/gaurav-chaubey/,https://mesh.ai/
Vectrix,San Francisco,Alex Dunbrack,Scan your cloud & SaaS apps and detect security issues instantly,https://linkedin.com/in/alexdunbrack,https://www.vectrix.io
MarketForce,"Nairobi, Kenya",Tesh Mbaabu,The operating system for retail distribution in Africa. ,http://linkedin.com/in/teshmbaabu/,https://marketforce360.com
Atomic,San Francisco,David Dindi,API that lets companies embed investment accounts into their services,https://www.linkedin.com/in/david-dindi-2a532a48,https://www.atomicinvest.co/
Bits,"London, United Kingdom",Faisal Khalid,Bits is a digital credit card that helps people build credit ,http://uk.linkedin.com/in/faisalkhalid,https://www.getbits.app
LayerCI,"Toronto, Canada",Colin Chartier,On-demand staging environments + CI/CD platform ,https://www.linkedin.com/in/colinchartier/,https://www.layerci.com
StartPack,San Francisco,Arjun Mahadevan,"""Business-in-a-Box"" for online SMBs",https://www.linkedin.com/in/mahadevanarjun/,https://startpack.io
Workbase,San Francisco,Ed Parsons,Data & workflow platform for B2B account teams,https://www.linkedin.com/in/efparsons/,https://getworkbase.io/
Omni,San Francisco,Andrew Chang,"Fast, up-to-date answers for Sales & Support",https://www.linkedin.com/in/andrew-chang-22a3a7110/,https://addomni.com
Cradle,"Bengaluru, India",Gaurav Mishra,B2B payments network in India,https://www.linkedin.com/in/gaurav-mishra-5110b5b4/,https://www.cradlefinance.com
Humanloop,"London, United Kingdom",Jordan Burgess,Train and deploy NLP with 10x less labelled data,https://www.linkedin.com/in/jordanburgess/,https://humanloop.com
Minimall,"Paris, France",Anne GERARD,Pinduoduo for Europe. Customers save 50% buying directly from‚Ä¶,https://www.linkedin.com/in/anne-gerard-ÂÆâÂ®ú-8a394682,https://www.minimall.co
Speedscale,"Atlanta, GA",Ken Ahrens,Accelerate development by simulating API's with production traffic.,https://www.linkedin.com/in/kahrens/,https://speedscale.com
BukuWarung,Indonesia,Chinmay Chauhan,Accounting app for 60M micro-businesses in Indonesia,https://www.linkedin.com/in/chinmaychauhan/,http://bukuwarung.com/app
Enombic,San Francisco,Keri McKiernan,"Create, share and invest in custom stock indexes",https://linkedin.com/in/kerimckiernan,http://www.enombic.com
Hypotenuse,Singapore,Joshua Wong,Automatically generate copywriting for e-commerce,https://www.linkedin.com/in/jwonged/,https://hypotenuse.ai/
Charityvest,"Atlanta, GA",Ashby Foltz,The simplest way to offer a charitable giving benefit for employees.,https://www.linkedin.com/in/ashbyfoltz/,https://www.charityvest.org
Atomized,"Charlotte, NC",Nik Kotov,Enabling developers to launch applications faster.,https://linkedin.com/in/nikkotov,https://atomizedhq.com
Duckly,San Francisco,Dragos Fotescu,Video chat with real-time collaboration.,https://www.linkedin.com/in/dragos-fotescu/,https://duckly.com
Explorex,"Bengaluru, India",Pritam Khan,Toast for India,https://www.linkedin.com/in/iampkhan,https://explorex.co
Volopay,Singapore,Rajesh Raikwar,Brex for South East Asia - Corporate cards & automated payments.,https://in.linkedin.com/in/rajeshraikwar,https://www.volopay.co/
Queue,San Francisco,Masud Hossain,Platform for providing services online built for creatives,https://www.linkedin.com/in/masud-hossain-11a7baab/,https://queue.gg
Nototo,"Vancouver, Canada",Austa Jiang,A workspace with a spatial interface,https://www.linkedin.com/in/austajiang/,https://www.nototo.app
Safepay,San Francisco,Raza Naqvi,Digital payments for businesses in Pakistan,https://www.linkedin.com/in/raza-naqvi-32673556/,https://getsafepay.pk/
Creation Labs,"London, United Kingdom",James Hennessey,Fuel-efficient Autopilot for trucks in Europe,https://www.linkedin.com/in/james-hennessey-2357391a/,https://creationlabs.ai
Bento,San Francisco,Emily Wang,Customer onboarding as a service,https://www.linkedin.com/in/emilyyidanwang/,http://trybento.co/
Seam,San Francisco,Sy Bohy,API for IoT Devices ,https://www.linkedin.com/in/sybohy/,https://getseam.com
Conta Simples,"S√£o Paulo, Brazil",Ricardo Gottschalk,Digital bank account for online businesses and startups in Brazil,https://www.linkedin.com/in/ricardo-gottschalk-32786111/,https://contasimples.com/
QuestDB,"London, United Kingdom",Nicolas Hourcard,The fastest open source time series database,https://www.linkedin.com/in/nicolas-hourcard-cfa-b7349b37/,https://www.questdb.io/
Synth,"London, United Kingdom",Nodar Daneliya,The easiest way to generate realistic synthetic test data for your‚Ä¶,https://www.linkedin.com/in/ndaneliya/,https://www.getsynth.com
Dripos,Boston,Avery Durrant,The only piece of software a restaurant needs to operate.,https://www.linkedin.com/in/avery-durrant/,https://dripos.com
Gather,"Cleveland, OH",Alex Hilleary,Project management software for People Operations,https://www.linkedin.com/in/alex-hilleary/,https://www.teamgather.co/
Hubble,"London, United Kingdom",Hamzah Chaudhary,Automated testing and monitoring of data metrics,https://www.linkedin.com/in/hamzahc/,https://gethubble.io
Datafold,San Francisco,Gleb Mezhanskiy,Monitoring & testing for analytical data,https://www.linkedin.com/in/glebmezh/,https://datafold.com
Depict.ai,"Stockholm, Sweden",Oliver Edholm,Amazon-quality product recommendations for any e-commerce store,https://linkedin.com/in/oliver-edholm-293950118/,https://depict.ai/
inFeedo,"Gurugram, India",Tanmaya Jain,AI bot that engages employees & predicts attrition,https://www.linkedin.com/in/tanmayajain/,https://www.infeedo.com
Bandit ML,San Francisco,Edoardo Conti,TBD,https://www.linkedin.com/in/edoardoconti,https://www.banditml.com/
SuperTokens,San Francisco,Rishabh Poddar,Open source alternative to Auth0 / AWS Cognito / Firebase Auth,https://www.linkedin.com/in/rishabh-poddar-b64b73129/,https://supertokens.io/
Roboflow,"Des Moines, IA",Brad Dwyer,üñºÔ∏è Build a computer vision model without machine learning expertise.,https://www.linkedin.com/in/brad-dwyer-b6b4136,https://roboflow.com
Jeeves,New York,Sherwin Gandhi,"International banking infrastructure, starting with corporate cards‚Ä¶",https://www.linkedin.com/in/sherwingandhi/,http://www.tryjeeves.com
DigitalBrain,Palo Alto,Kesava Kirupa Dinakaran,Superhuman for customer support agents,https://www.linkedin.com/in/kesavakirupa/,https://www.digitalbrain.app
Jitsu,San Francisco,Vladimir Klimontovich,Open-source data integration and event collection platform.,https://www.linkedin.com/in/klimontovich/,https://jitsu.com
Perch Credit,"Los Angeles, CA",Michael Broughton,Breaking the barriers of traditional credit building. ,https://www.linkedin.com/in/michael-j-broughton/,https://getperch.app/
Reploy,San Francisco,Himank Yadav,"Instant, shareable staging environments",https://www.linkedin.com/in/himankyadav/,https://getreploy.com/
Thndr,"Cairo, Egypt",Ahmad Hammouda,Investment platform for MENA individuals,https://www.linkedin.com/in/ahmad-hammouda-cfa-a6575018/,http://www.thndr.app
Response,San Francisco,Kais Baillargeon,The single store for all your vendors.,http://www.linkedin.com/in/kaisbaillargeon,https://www.tryresponse.com/
Fig,San Francisco,Brendan Falk,"Fig adds visual apps, shortcuts, and autocomplete to your terminal.",https://www.linkedin.com/in/brendanfalk/,http://withfig.com
Openbase,San Francisco,Lior Grossman,We help developers choose among millions of open-source packages,https://www.linkedin.com/in/liorgrossman,https://openbase.com
Porter,New York,Justin Rhee,Heroku in your own cloud,https://www.linkedin.com/in/justin-rhee-61634112a/,https://getporter.dev
RTCanary,"San Jose, CA",David Albers,We are a monitoring and analytics plugin for all video chat platforms.,https://www.linkedin.com/in/david-albers-352152133/,https://www.RTCanary.com
Metamanagement,San Francisco,Nikhil Bhargava,We help SaaS companies deploy into their customer's environment.,https://www.linkedin.com/in/nikhil-bhargava/,https://metamanagement.dev
